Nombre,Documento,Edad,Semanas_Cotizadas,Fondo,Ciudad,Pais
Isabel,5259150632,28,54,Colfondos,Manila,Filipinas
Jorge,2786772154,27,524,Porvenir,Roma,Italia
Jorge,1591285661,92,145,Colfondos,Bangkok,Tailandia
Alejandro,5704196695,77,355,Colfondos,Abu Dabi,Emiratos Árabes Unidos
Elena,2491629116,99,188,Old Mutual,Abu Dabi,Emiratos Árabes Unidos
Pablo,8703839309,91,461,Old Mutual,Bangkok,Tailandia
Carlos,1184162773,29,621,Old Mutual,Cartagena,Colombia
Mariana,2452185216,28,472,Colfondos,Cartagena,Colombia
Mariana,6483318025,92,583,Porvenir,París,Francia
Elena,9291464548,36,107,Skandia,París,Francia
Pablo,2364752600,44,663,Old Mutual,Singapur,Singapur
Mariana,1902231987,70,55,Colfondos,Madrid,España
Mariana,3442792807,33,202,Colfondos,Cartagena,Colombia
Monica,2218813759,44,502,Colfondos,Bangkok,Tailandia
Mariana,2975236114,92,561,Porvenir,Barcelona,España
Carlos,8526079155,94,166,Protección,Roma,Italia
Lucia,6628267926,89,678,Colfondos,Manila,Filipinas
Jorge,9112289445,62,569,Porvenir,Manila,Filipinas
Lucia,5698264091,83,420,Porvenir,Bangkok,Tailandia
Lucia,6456974327,78,43,Colfondos,Bangkok,Tailandia
Mariana,7213023238,24,72,Protección,París,Francia
Jorge,7392777911,69,178,Protección,Manila,Filipinas
Lucia,3089500572,59,70,Colfondos,Roma,Italia
Alejandro,6646652973,94,494,Colfondos,Roma,Italia
Pablo,7692274305,66,668,Protección,Roma,Italia
Alejandro,8418875088,67,296,Colfondos,Bangkok,Tailandia
Pablo,8675408297,48,330,Colfondos,Barcelona,España
Monica,7903060564,39,211,Skandia,Roma,Italia
Mariana,6242050883,42,87,Porvenir,Abu Dabi,Emiratos Árabes Unidos
Carlos,5089759659,37,723,Skandia,Abu Dabi,Emiratos Árabes Unidos
Mariana,2526772011,88,325,Skandia,Londres,Reino Unido
Carlos,2347491583,31,757,Skandia,Singapur,Singapur
Monica,7119060099,89,316,Old Mutual,Londres,Reino Unido
Jorge,2429176607,65,261,Protección,Manila,Filipinas
Carlos,1478944585,100,788,Colfondos,París,Francia
Mariana,1695675166,92,249,Colfondos,Manila,Filipinas
Lucia,7109778087,91,148,Porvenir,Cartagena,Colombia
Isabel,1652526384,70,435,Porvenir,París,Francia
Isabel,4125647150,59,556,Protección,Cartagena,Colombia
Alejandro,1145766080,63,733,Protección,Londres,Reino Unido
Isabel,9262435292,82,635,Protección,Barcelona,España
Mariana,7179763642,34,52,Colfondos,Manila,Filipinas
Monica,1559493021,52,118,Protección,Londres,Reino Unido
Elena,8162131941,20,220,Colfondos,Barcelona,España
Isabel,2672664808,58,631,Skandia,Barcelona,España
Carlos,1955364490,69,437,Old Mutual,Abu Dabi,Emiratos Árabes Unidos
Lucia,6624535085,81,247,Protección,París,Francia
Isabel,1123749244,88,160,Colfondos,Cartagena,Colombia
Pablo,9730525632,62,126,Skandia,Singapur,Singapur
Monica,7841663858,71,562,Old Mutual,Roma,Italia
Isabel,8365422411,65,112,Porvenir,Madrid,España
Monica,8573175923,23,696,Colfondos,Barcelona,España
Lucia,7075320163,42,533,Protección,Cartagena,Colombia
Mariana,2949195192,27,458,Protección,Madrid,España
Lucia,5232060336,64,414,Skandia,París,Francia
Elena,8140756148,99,256,Old Mutual,Manila,Filipinas
Isabel,2809598656,41,646,Old Mutual,Roma,Italia
Ana,9344969209,87,342,Skandia,Abu Dabi,Emiratos Árabes Unidos
Monica,4803515439,94,629,Porvenir,Manila,Filipinas
Isabel,8624477458,68,333,Skandia,Londres,Reino Unido
Elena,4126250755,39,554,Skandia,Manila,Filipinas
Lucia,9917726335,96,39,Protección,Bangkok,Tailandia
Alejandro,6852792369,20,41,Skandia,Roma,Italia
Monica,9973411272,36,168,Protección,Roma,Italia
Monica,2803260513,51,360,Porvenir,Bangkok,Tailandia
Isabel,8859078120,94,797,Old Mutual,Barcelona,España
Pablo,8106867020,100,732,Old Mutual,Bangkok,Tailandia
Mariana,8841654281,97,109,Colfondos,Singapur,Singapur
Jorge,6379225170,33,114,Colfondos,Manila,Filipinas
Isabel,9104472156,37,795,Protección,Cartagena,Colombia
Pablo,6975214247,26,354,Colfondos,Madrid,España
Isabel,2327215204,68,138,Skandia,Barcelona,España
Mariana,4516211903,87,231,Skandia,Madrid,España
Pablo,8135173693,60,197,Colfondos,Madrid,España
Ana,1599156026,38,251,Old Mutual,Singapur,Singapur
Alejandro,2665745754,86,408,Colfondos,Bangkok,Tailandia
Mariana,8892609771,39,160,Skandia,Abu Dabi,Emiratos Árabes Unidos
Lucia,1737848688,54,391,Porvenir,Londres,Reino Unido
Pablo,8177068754,58,446,Skandia,Bangkok,Tailandia
Mariana,4905618499,99,461,Protección,París,Francia
Carlos,2181839082,77,359,Skandia,Singapur,Singapur
Isabel,9447445673,37,529,Skandia,Roma,Italia
Jorge,3606964797,87,444,Old Mutual,París,Francia
Monica,3740030638,24,701,Colfondos,Abu Dabi,Emiratos Árabes Unidos
Alejandro,3891716180,75,12,Porvenir,Abu Dabi,Emiratos Árabes Unidos
Elena,4077078618,93,413,Colfondos,Manila,Filipinas
Monica,6944993315,30,24,Porvenir,Madrid,España
Mariana,3638219024,43,150,Protección,Bangkok,Tailandia
Lucia,7933364321,94,386,Old Mutual,Madrid,España
Mariana,9547417286,83,114,Old Mutual,Abu Dabi,Emiratos Árabes Unidos
Carlos,4981340802,78,382,Old Mutual,Londres,Reino Unido
Monica,9778316695,31,313,Protección,Singapur,Singapur
Jorge,8079557121,55,571,Colfondos,Abu Dabi,Emiratos Árabes Unidos
Jorge,2722763212,90,16,Porvenir,Cartagena,Colombia
Jorge,8712246101,84,330,Porvenir,Madrid,España
Isabel,1279573697,61,673,Old Mutual,Londres,Reino Unido
Elena,8688548057,39,796,Porvenir,Barcelona,España
Ana,9426151865,61,474,Porvenir,Abu Dabi,Emiratos Árabes Unidos
Pablo,7747615635,42,517,Old Mutual,Manila,Filipinas
Isabel,7040855486,32,154,Skandia,París,Francia
Monica,9894147861,90,49,Skandia,París,Francia
Monica,7956813190,87,219,Porvenir,Singapur,Singapur
Monica,3172851698,98,536,Old Mutual,Singapur,Singapur
Elena,1101411674,38,35,Porvenir,Singapur,Singapur
Carlos,9721901606,81,98,Porvenir,Abu Dabi,Emiratos Árabes Unidos
Elena,2588542167,71,174,Protección,Roma,Italia
Ana,7020000257,69,577,Protección,Abu Dabi,Emiratos Árabes Unidos
Ana,6045699437,47,663,Old Mutual,Londres,Reino Unido
Mariana,8915821011,83,333,Skandia,Abu Dabi,Emiratos Árabes Unidos
Pablo,6399452768,65,48,Old Mutual,Abu Dabi,Emiratos Árabes Unidos
Carlos,7333278346,79,414,Protección,Cartagena,Colombia
Jorge,9080406469,57,790,Porvenir,Bangkok,Tailandia
Pablo,2489502353,100,87,Old Mutual,Cartagena,Colombia
Jorge,6960303002,89,155,Colfondos,Barcelona,España
Ana,1606206553,73,673,Colfondos,Singapur,Singapur
Isabel,3398767194,94,274,Protección,Abu Dabi,Emiratos Árabes Unidos
Carlos,8207526675,76,652,Colfondos,Cartagena,Colombia
Carlos,4040080038,24,387,Protección,Madrid,España
Monica,8119658102,80,339,Porvenir,Bangkok,Tailandia
Ana,8840911862,29,659,Skandia,Madrid,España
Jorge,6092326132,25,322,Colfondos,Cartagena,Colombia
Jorge,8403089540,69,306,Old Mutual,Londres,Reino Unido
Alejandro,5047453212,29,568,Porvenir,Barcelona,España
Pablo,9728259558,52,486,Protección,Madrid,España
Carlos,9623090469,22,300,Old Mutual,Singapur,Singapur
Lucia,2961588501,29,664,Colfondos,Londres,Reino Unido
Lucia,6072882354,56,421,Colfondos,Londres,Reino Unido
Elena,1831104065,43,578,Old Mutual,Singapur,Singapur
Monica,9987861703,96,385,Colfondos,Madrid,España
Pablo,6282295674,46,724,Old Mutual,Barcelona,España
Ana,6217285633,20,140,Old Mutual,Roma,Italia
Isabel,3127659060,26,698,Protección,Manila,Filipinas
Carlos,8407918363,77,151,Skandia,Cartagena,Colombia
Jorge,3386298190,92,64,Skandia,Madrid,España
Jorge,8151751828,50,379,Colfondos,Barcelona,España
Ana,5948560959,71,314,Skandia,Roma,Italia
Isabel,6796755607,70,700,Skandia,Abu Dabi,Emiratos Árabes Unidos
Mariana,7256396091,26,345,Protección,Roma,Italia
Jorge,8465259718,65,307,Old Mutual,Cartagena,Colombia
Isabel,6304965712,23,632,Colfondos,Londres,Reino Unido
Alejandro,5776223636,81,339,Skandia,Abu Dabi,Emiratos Árabes Unidos
Mariana,7675619897,36,58,Old Mutual,Singapur,Singapur
Pablo,6597399478,100,127,Porvenir,Singapur,Singapur
Pablo,5972651353,60,644,Colfondos,Bangkok,Tailandia
Lucia,6882010046,35,460,Porvenir,Madrid,España
Ana,1259737228,46,707,Colfondos,Singapur,Singapur
Ana,5054901884,33,506,Protección,París,Francia
Pablo,7258091079,61,387,Skandia,Roma,Italia
Isabel,5404305169,24,116,Porvenir,Cartagena,Colombia
Mariana,6630692730,23,181,Skandia,Manila,Filipinas
Jorge,7800833146,71,672,Protección,París,Francia
Mariana,9814851082,29,513,Porvenir,Londres,Reino Unido
Elena,5016366484,18,179,Protección,Roma,Italia
Carlos,4627214800,72,670,Skandia,Londres,Reino Unido
Pablo,9418676841,40,240,Protección,Barcelona,España
Elena,8996988147,87,614,Protección,Londres,Reino Unido
Pablo,4168113009,84,719,Old Mutual,Roma,Italia
Lucia,1270443660,76,775,Porvenir,Singapur,Singapur
Monica,3509864471,84,703,Colfondos,Manila,Filipinas
Elena,9618334230,98,351,Skandia,Manila,Filipinas
Lucia,4588251080,80,758,Old Mutual,Madrid,España
Carlos,7434902268,69,184,Old Mutual,Cartagena,Colombia
Monica,9673085460,71,557,Porvenir,Cartagena,Colombia
Isabel,5991547776,32,86,Skandia,París,Francia
Pablo,7403943068,81,198,Porvenir,Cartagena,Colombia
Mariana,1060351563,41,489,Old Mutual,Singapur,Singapur
Alejandro,8362775166,87,419,Colfondos,Roma,Italia
Jorge,5113699225,35,646,Porvenir,París,Francia
Mariana,3710014119,94,475,Porvenir,Bangkok,Tailandia
Alejandro,2548364243,43,129,Porvenir,Singapur,Singapur
Elena,7012972816,56,765,Porvenir,Manila,Filipinas
Pablo,2095057448,85,692,Colfondos,Singapur,Singapur
Jorge,5876090118,27,632,Porvenir,Roma,Italia
Elena,8276662353,30,11,Old Mutual,Manila,Filipinas
Pablo,1720186467,37,31,Colfondos,Barcelona,España
Mariana,6253234558,71,20,Colfondos,Bangkok,Tailandia
Jorge,7627717104,80,698,Colfondos,Barcelona,España
Carlos,9153594609,88,54,Skandia,Singapur,Singapur
Alejandro,8260700804,87,294,Skandia,París,Francia
Alejandro,8653647605,98,525,Porvenir,París,Francia
Pablo,8785166863,24,438,Old Mutual,Madrid,España
Ana,2724727983,68,663,Old Mutual,Bangkok,Tailandia
Carlos,6781430614,59,592,Old Mutual,Madrid,España
Alejandro,7773946237,43,193,Colfondos,Manila,Filipinas
Alejandro,1216836636,43,170,Protección,Abu Dabi,Emiratos Árabes Unidos
Ana,4520516679,30,580,Porvenir,París,Francia
Pablo,8665676690,66,658,Skandia,Madrid,España
Monica,8989408992,42,643,Skandia,Bangkok,Tailandia
Elena,6086203214,66,595,Old Mutual,Roma,Italia
Carlos,9267113828,19,641,Skandia,Cartagena,Colombia
Isabel,7163877948,26,388,Protección,Abu Dabi,Emiratos Árabes Unidos
Isabel,9355223334,74,786,Protección,París,Francia
Carlos,1089322888,54,715,Skandia,Barcelona,España
Ana,8859046823,97,490,Old Mutual,Roma,Italia
Alejandro,6743045911,24,264,Skandia,Bangkok,Tailandia
Alejandro,7459987508,91,666,Colfondos,Bangkok,Tailandia
Jorge,3285142821,71,504,Protección,Bangkok,Tailandia
Lucia,3209059353,87,663,Protección,Barcelona,España
Isabel,7870663218,78,234,Porvenir,Cartagena,Colombia
Ana,9242364845,26,403,Skandia,Londres,Reino Unido
Alejandro,8713453518,100,707,Protección,Singapur,Singapur
Pablo,2801894936,68,299,Protección,Singapur,Singapur
Lucia,2356318970,20,269,Porvenir,París,Francia
Alejandro,6564554045,100,582,Old Mutual,Cartagena,Colombia
Mariana,7884359197,38,644,Skandia,Roma,Italia
Pablo,9639702774,19,397,Porvenir,Roma,Italia
Carlos,9734096547,86,710,Colfondos,Manila,Filipinas
Isabel,3046361100,54,569,Skandia,Cartagena,Colombia
Mariana,9375115852,23,437,Skandia,Madrid,España
Mariana,4005135841,99,697,Protección,Abu Dabi,Emiratos Árabes Unidos
Isabel,5851134206,39,518,Old Mutual,Bangkok,Tailandia
Lucia,5610188367,60,459,Skandia,Barcelona,España
Carlos,2849104610,83,710,Porvenir,Manila,Filipinas
Monica,9554765768,76,481,Protección,Abu Dabi,Emiratos Árabes Unidos
Isabel,4364158233,27,607,Porvenir,Barcelona,España
Isabel,9513731682,26,256,Porvenir,Roma,Italia
Monica,8992838148,97,217,Porvenir,Singapur,Singapur
Pablo,1094491771,96,72,Skandia,Singapur,Singapur
Elena,4500277427,91,443,Colfondos,Roma,Italia
Mariana,3178852174,83,492,Old Mutual,Roma,Italia
Ana,7585741242,35,562,Colfondos,Londres,Reino Unido
Elena,2485569699,47,425,Old Mutual,Barcelona,España
Jorge,9315237542,37,418,Skandia,Barcelona,España
Isabel,1218581966,99,143,Porvenir,Cartagena,Colombia
Pablo,7241419854,62,182,Old Mutual,Londres,Reino Unido
Pablo,6146244887,90,206,Skandia,Londres,Reino Unido
Lucia,7513669748,89,591,Colfondos,Madrid,España
Lucia,2291815328,55,466,Old Mutual,París,Francia
Pablo,2414114918,26,750,Porvenir,Londres,Reino Unido
Monica,9570402264,70,423,Colfondos,Barcelona,España
Elena,6887093670,47,26,Porvenir,Cartagena,Colombia
Lucia,7448326198,29,411,Old Mutual,Barcelona,España
Jorge,4487898143,30,346,Colfondos,Singapur,Singapur
Mariana,5387647269,48,151,Old Mutual,Manila,Filipinas
Alejandro,6487452312,54,384,Colfondos,Bangkok,Tailandia
Monica,5805673070,27,512,Protección,Londres,Reino Unido
Jorge,5848052092,77,618,Colfondos,Bangkok,Tailandia
Elena,2946689132,26,41,Old Mutual,Abu Dabi,Emiratos Árabes Unidos
Monica,5503355487,42,663,Skandia,Madrid,España
Jorge,5364233695,31,279,Colfondos,Singapur,Singapur
Ana,9171058934,49,627,Protección,Bangkok,Tailandia
Isabel,6216551611,92,177,Old Mutual,Bangkok,Tailandia
Alejandro,8321115554,47,321,Protección,Cartagena,Colombia
Pablo,2279066378,83,169,Skandia,Abu Dabi,Emiratos Árabes Unidos
Elena,4946749462,66,551,Colfondos,París,Francia
Mariana,9654144643,19,231,Colfondos,Barcelona,España
Lucia,9601549332,22,506,Old Mutual,Cartagena,Colombia
Jorge,1497148055,37,33,Porvenir,Roma,Italia
Isabel,5934930903,94,340,Colfondos,Singapur,Singapur
Jorge,2700918474,98,505,Old Mutual,París,Francia
Alejandro,4633339683,28,34,Old Mutual,Cartagena,Colombia
Elena,2647717574,39,236,Colfondos,París,Francia
Jorge,5045944352,56,76,Porvenir,Roma,Italia
Isabel,8186179234,21,467,Colfondos,París,Francia
Jorge,4207730980,90,107,Skandia,París,Francia
Elena,8287757320,24,187,Old Mutual,Singapur,Singapur
Alejandro,4264117397,26,383,Colfondos,Abu Dabi,Emiratos Árabes Unidos
Monica,4304957113,80,725,Porvenir,Abu Dabi,Emiratos Árabes Unidos
Lucia,3023439658,76,505,Colfondos,Cartagena,Colombia
Ana,3607339416,94,309,Porvenir,Roma,Italia
Isabel,1094125789,98,545,Colfondos,Londres,Reino Unido
Elena,8625644126,43,754,Skandia,Manila,Filipinas
Elena,9810267648,54,626,Skandia,Londres,Reino Unido
Jorge,2828822555,73,31,Old Mutual,Abu Dabi,Emiratos Árabes Unidos
Lucia,9182508105,41,561,Colfondos,Barcelona,España
Jorge,6097617616,34,432,Skandia,Roma,Italia
Isabel,1275821600,42,434,Colfondos,Cartagena,Colombia
Ana,7668461256,69,6,Skandia,Abu Dabi,Emiratos Árabes Unidos
Mariana,4979994870,95,495,Protección,Madrid,España
Ana,4640859383,52,134,Colfondos,Roma,Italia
Elena,7208186379,74,58,Colfondos,Cartagena,Colombia
Monica,2786328017,24,574,Colfondos,Bangkok,Tailandia
Ana,3851696583,75,185,Porvenir,Cartagena,Colombia
Isabel,4117459597,65,670,Old Mutual,Singapur,Singapur
Alejandro,7805703009,94,623,Colfondos,Cartagena,Colombia
Isabel,9323632399,65,453,Colfondos,Bangkok,Tailandia
Ana,5742950074,42,198,Colfondos,Abu Dabi,Emiratos Árabes Unidos
Mariana,2015339402,44,198,Colfondos,Londres,Reino Unido
Jorge,5913811380,70,478,Protección,Manila,Filipinas
Jorge,6050311729,19,734,Porvenir,Londres,Reino Unido
Alejandro,8496897596,88,117,Skandia,Roma,Italia
Isabel,7474087615,77,290,Porvenir,Cartagena,Colombia
Monica,1110779564,83,265,Old Mutual,Roma,Italia
Pablo,6303520845,83,420,Protección,Bangkok,Tailandia
Elena,1848992641,83,578,Old Mutual,Barcelona,España
Alejandro,3249259053,20,522,Porvenir,Roma,Italia
Lucia,3909094294,51,398,Colfondos,Abu Dabi,Emiratos Árabes Unidos
Pablo,6317583655,77,419,Skandia,Barcelona,España
Carlos,6649279114,66,116,Skandia,Manila,Filipinas
Pablo,4069399338,48,233,Colfondos,Madrid,España
Mariana,6263891204,32,412,Old Mutual,Manila,Filipinas
Pablo,3449004457,90,229,Old Mutual,Londres,Reino Unido
Jorge,2546656013,35,352,Porvenir,Madrid,España
Monica,3229135081,29,405,Protección,Barcelona,España
Jorge,3455548259,72,477,Skandia,París,Francia
Jorge,5464121912,25,408,Skandia,Manila,Filipinas
Carlos,9473309041,72,40,Colfondos,Roma,Italia
Monica,7636270837,30,249,Colfondos,Madrid,España
Monica,9204304127,71,751,Colfondos,Madrid,España
Jorge,7882612141,30,780,Skandia,Manila,Filipinas
Alejandro,3760243424,85,768,Porvenir,Manila,Filipinas
Alejandro,7050510993,94,376,Porvenir,Abu Dabi,Emiratos Árabes Unidos
Lucia,5267783770,45,508,Porvenir,Bangkok,Tailandia
Pablo,9827644367,63,464,Colfondos,Cartagena,Colombia
Mariana,5728294711,23,610,Colfondos,Manila,Filipinas
Pablo,6263827782,99,777,Porvenir,Barcelona,España
Carlos,9094740615,43,169,Protección,Roma,Italia
Lucia,4859256084,67,677,Skandia,Singapur,Singapur
Carlos,3696301308,32,317,Old Mutual,París,Francia
Alejandro,9630722319,25,330,Protección,Manila,Filipinas
Isabel,9471637472,99,174,Protección,París,Francia
Ana,8761441884,78,717,Colfondos,Roma,Italia
Monica,7848015602,97,486,Protección,Abu Dabi,Emiratos Árabes Unidos
Alejandro,5180828311,47,158,Skandia,París,Francia
Pablo,2775731785,75,112,Old Mutual,Singapur,Singapur
Isabel,6603547120,97,48,Colfondos,Bangkok,Tailandia
Carlos,4703140554,69,761,Old Mutual,Abu Dabi,Emiratos Árabes Unidos
Jorge,6244265218,25,455,Porvenir,Bangkok,Tailandia
Mariana,2560217327,53,768,Old Mutual,Bangkok,Tailandia
Lucia,2059385226,28,569,Old Mutual,Madrid,España
Isabel,9657267251,26,475,Old Mutual,Bangkok,Tailandia
Pablo,5306991885,66,389,Colfondos,Roma,Italia
Lucia,1792414357,72,88,Porvenir,Manila,Filipinas
Lucia,9000261028,29,306,Skandia,Cartagena,Colombia
Pablo,3915140001,42,59,Porvenir,Bangkok,Tailandia
Carlos,9685747421,92,209,Old Mutual,Bangkok,Tailandia
Mariana,4555806189,62,145,Old Mutual,Abu Dabi,Emiratos Árabes Unidos
Elena,4416260011,77,536,Old Mutual,Londres,Reino Unido
Lucia,9182037142,19,741,Protección,Roma,Italia
Jorge,2883182860,99,568,Colfondos,Madrid,España
Alejandro,8100968281,58,31,Old Mutual,Cartagena,Colombia
Elena,6583832905,39,180,Colfondos,Madrid,España
Jorge,5827141254,73,449,Skandia,Singapur,Singapur
Ana,7805795567,64,140,Old Mutual,Bangkok,Tailandia
Monica,9697256082,43,781,Skandia,Bangkok,Tailandia
Alejandro,2642313916,24,131,Old Mutual,Abu Dabi,Emiratos Árabes Unidos
Elena,2474342976,41,129,Porvenir,Bangkok,Tailandia
Jorge,4596981976,82,314,Protección,Singapur,Singapur
Pablo,7147060272,67,108,Protección,Barcelona,España
Alejandro,2685673946,100,207,Colfondos,Londres,Reino Unido
Jorge,7736038556,50,513,Skandia,Bangkok,Tailandia
Carlos,4610380429,21,40,Colfondos,Madrid,España
Pablo,8803780669,92,426,Colfondos,Bangkok,Tailandia
Monica,7769295172,99,715,Skandia,Madrid,España
Lucia,5409048300,44,763,Porvenir,Cartagena,Colombia
Alejandro,3881296257,86,720,Skandia,Londres,Reino Unido
Jorge,6368161754,45,446,Skandia,Londres,Reino Unido
Mariana,8022546845,78,92,Porvenir,París,Francia
Elena,4762241492,80,207,Old Mutual,Cartagena,Colombia
Pablo,5120922638,44,308,Porvenir,Cartagena,Colombia
Mariana,7333889854,43,331,Skandia,Madrid,España
Pablo,7374199615,28,248,Protección,Cartagena,Colombia
Ana,5101182932,59,721,Skandia,Bangkok,Tailandia
Elena,8631017398,39,204,Colfondos,Manila,Filipinas
Carlos,8337210331,61,625,Colfondos,Manila,Filipinas
Ana,9679131837,95,82,Old Mutual,Manila,Filipinas
Isabel,2371504078,37,556,Skandia,Singapur,Singapur
Lucia,5749606131,52,504,Colfondos,Roma,Italia
Jorge,9073157358,32,374,Skandia,Manila,Filipinas
Carlos,6563528143,44,344,Skandia,Londres,Reino Unido
Pablo,3365634217,67,198,Old Mutual,Roma,Italia
Monica,5773096780,62,308,Skandia,Madrid,España
Mariana,3252841207,53,293,Protección,Barcelona,España
Elena,1664764322,24,632,Old Mutual,Cartagena,Colombia
Pablo,2763949031,36,739,Skandia,Singapur,Singapur
Alejandro,3307776759,25,348,Protección,Madrid,España
Pablo,5787041540,44,164,Skandia,Abu Dabi,Emiratos Árabes Unidos
Pablo,3605883446,51,139,Porvenir,Cartagena,Colombia
Lucia,4648240028,42,613,Porvenir,Barcelona,España
Carlos,2024441850,98,102,Protección,Barcelona,España
Ana,3850663097,42,28,Skandia,Bangkok,Tailandia
Pablo,5549519668,45,326,Porvenir,Abu Dabi,Emiratos Árabes Unidos
Isabel,8802697659,96,717,Colfondos,Bangkok,Tailandia
Isabel,2480797364,89,45,Skandia,Abu Dabi,Emiratos Árabes Unidos
Isabel,6417226407,20,462,Porvenir,Abu Dabi,Emiratos Árabes Unidos
Ana,3597174066,62,402,Colfondos,Roma,Italia
Jorge,6264544043,57,49,Porvenir,París,Francia
Ana,7776277399,51,287,Skandia,Cartagena,Colombia
Alejandro,1349294250,26,106,Colfondos,Cartagena,Colombia
Monica,2720920088,26,238,Protección,Londres,Reino Unido
Monica,8199985882,84,109,Colfondos,Londres,Reino Unido
Monica,9542771938,88,220,Colfondos,Manila,Filipinas
Monica,3424656000,99,353,Skandia,Cartagena,Colombia
Alejandro,5009362228,44,677,Skandia,Madrid,España
Lucia,7047908222,44,82,Porvenir,Madrid,España
Ana,7473521229,99,577,Skandia,Londres,Reino Unido
Mariana,9915760492,64,772,Colfondos,París,Francia
Carlos,2758020616,80,474,Protección,Singapur,Singapur
Jorge,6429432715,38,656,Skandia,Abu Dabi,Emiratos Árabes Unidos
Monica,6461775169,82,358,Colfondos,Madrid,España
Carlos,9023476088,37,479,Porvenir,Cartagena,Colombia
Pablo,2509090079,84,604,Protección,Bangkok,Tailandia
Mariana,6611510902,34,735,Protección,Cartagena,Colombia
Ana,5205278145,57,244,Colfondos,Barcelona,España
Mariana,9246784689,87,785,Skandia,Singapur,Singapur
Carlos,8892799692,18,241,Porvenir,Bangkok,Tailandia
Monica,3360161769,88,366,Old Mutual,Roma,Italia
Carlos,8040075686,88,797,Colfondos,Manila,Filipinas
Isabel,5085108980,44,247,Porvenir,Manila,Filipinas
Carlos,5235667897,37,596,Skandia,París,Francia
Isabel,4907267344,55,36,Porvenir,Londres,Reino Unido
Isabel,8902929938,95,676,Porvenir,Madrid,España
Monica,9971035339,80,568,Skandia,Manila,Filipinas
Carlos,9386180751,18,248,Porvenir,Bangkok,Tailandia
Carlos,5277448035,43,639,Skandia,Barcelona,España
Alejandro,9645117789,20,540,Protección,Roma,Italia
Elena,8860010241,38,261,Colfondos,Singapur,Singapur
Isabel,2819537855,65,483,Old Mutual,Singapur,Singapur
Lucia,2719821839,34,700,Protección,París,Francia
Jorge,7846639483,37,742,Skandia,Cartagena,Colombia
Lucia,4869786452,34,416,Colfondos,Londres,Reino Unido
Carlos,2941722101,26,194,Protección,Abu Dabi,Emiratos Árabes Unidos
Alejandro,6892754565,33,208,Protección,Manila,Filipinas
Mariana,8523178320,37,297,Protección,Londres,Reino Unido
Jorge,2842920996,38,240,Protección,Singapur,Singapur
Jorge,9260114997,79,788,Skandia,Barcelona,España
Carlos,9028902348,42,647,Old Mutual,Barcelona,España
Lucia,7905825373,79,583,Porvenir,Abu Dabi,Emiratos Árabes Unidos
Mariana,7095779382,95,636,Protección,Madrid,España
Mariana,3856682978,48,353,Skandia,Abu Dabi,Emiratos Árabes Unidos
Monica,4062447616,60,260,Old Mutual,Manila,Filipinas
Jorge,5560921101,96,334,Protección,Bangkok,Tailandia
Elena,8361239973,92,290,Protección,Abu Dabi,Emiratos Árabes Unidos
Mariana,9212313295,71,438,Skandia,Londres,Reino Unido
Pablo,1224717591,62,463,Skandia,Londres,Reino Unido
Alejandro,6305736905,91,297,Colfondos,Singapur,Singapur
Carlos,2282372543,31,305,Old Mutual,Londres,Reino Unido
Monica,6959989538,80,700,Protección,Roma,Italia
Elena,5343295159,80,708,Skandia,Singapur,Singapur
Monica,6908790182,76,551,Skandia,Madrid,España
Mariana,4999515986,38,379,Porvenir,Manila,Filipinas
Lucia,5979986707,22,28,Colfondos,Barcelona,España
Pablo,2999100741,62,150,Colfondos,París,Francia
Jorge,2415465789,46,12,Colfondos,Bangkok,Tailandia
Jorge,2888853918,51,125,Skandia,Madrid,España
Elena,8490568456,52,770,Skandia,Madrid,España
Mariana,5549072879,32,372,Skandia,Barcelona,España
Elena,1688680956,65,602,Protección,Abu Dabi,Emiratos Árabes Unidos
Carlos,3004621070,99,629,Old Mutual,Madrid,España
Mariana,8057377664,94,472,Protección,Roma,Italia
Isabel,2678897148,70,116,Old Mutual,París,Francia
Isabel,8224116995,78,752,Colfondos,Barcelona,España
Alejandro,3218273290,92,208,Porvenir,Londres,Reino Unido
Lucia,9980736044,32,145,Colfondos,París,Francia
Monica,3114936367,96,759,Protección,Roma,Italia
Elena,4287505769,60,253,Skandia,Barcelona,España
Lucia,7320283597,74,510,Old Mutual,Cartagena,Colombia
Carlos,9009126349,94,652,Old Mutual,Londres,Reino Unido
Pablo,6039084505,37,279,Protección,Bangkok,Tailandia
Ana,7828066232,52,483,Porvenir,Bangkok,Tailandia
Pablo,2372779337,48,299,Porvenir,Londres,Reino Unido
Ana,8723420541,97,440,Colfondos,Abu Dabi,Emiratos Árabes Unidos
Lucia,9298403461,56,423,Protección,Londres,Reino Unido
Lucia,2305706540,27,494,Skandia,Abu Dabi,Emiratos Árabes Unidos
Monica,7976427640,33,348,Colfondos,Singapur,Singapur
Isabel,7340851628,57,179,Old Mutual,Cartagena,Colombia
Pablo,8397624068,97,78,Porvenir,Manila,Filipinas
Ana,6098114861,76,307,Skandia,Singapur,Singapur
Monica,8091797396,80,644,Protección,Manila,Filipinas
Jorge,5854532376,71,336,Skandia,Manila,Filipinas
Elena,3572234069,43,356,Old Mutual,Barcelona,España
Alejandro,8229711866,99,514,Skandia,Barcelona,España
Monica,8245706668,31,714,Skandia,Cartagena,Colombia
Ana,6575630599,70,599,Porvenir,Madrid,España
Jorge,3372500050,97,235,Skandia,Cartagena,Colombia
Pablo,9229827617,49,249,Skandia,Cartagena,Colombia
Mariana,6827798942,25,160,Porvenir,Singapur,Singapur
Pablo,2539233649,60,391,Protección,Cartagena,Colombia
Isabel,1115680534,100,134,Skandia,Barcelona,España
Ana,7666532128,94,281,Porvenir,Cartagena,Colombia
Ana,1183002915,59,100,Skandia,Londres,Reino Unido
Isabel,8260619227,90,206,Colfondos,Londres,Reino Unido
Alejandro,5887056465,84,576,Colfondos,Barcelona,España
Elena,2766870736,64,159,Protección,Barcelona,España
Mariana,6130510477,27,185,Porvenir,Cartagena,Colombia
Alejandro,8717262375,23,188,Skandia,París,Francia
Lucia,6433482046,34,618,Porvenir,París,Francia
Monica,4904032144,29,373,Porvenir,París,Francia
Monica,7384910586,84,158,Colfondos,Londres,Reino Unido
Elena,3299088804,69,438,Protección,Abu Dabi,Emiratos Árabes Unidos
Elena,7075061740,45,173,Skandia,Singapur,Singapur
Lucia,3950325650,94,592,Skandia,Roma,Italia
Monica,2185021815,23,66,Porvenir,Madrid,España
Ana,8545824585,27,152,Old Mutual,Londres,Reino Unido
Jorge,8781650491,78,697,Skandia,Manila,Filipinas
Jorge,4964357359,69,307,Porvenir,Roma,Italia
Isabel,6006088421,50,333,Colfondos,Cartagena,Colombia
Ana,2678055360,80,564,Colfondos,Singapur,Singapur
Lucia,7437517791,98,43,Protección,Roma,Italia
Lucia,4745491519,59,430,Skandia,Madrid,España
Pablo,2355984554,45,549,Old Mutual,Bangkok,Tailandia
Isabel,3903546269,98,329,Porvenir,Manila,Filipinas
Ana,8977289269,36,647,Porvenir,Londres,Reino Unido
Lucia,1615598348,92,604,Protección,Roma,Italia
Pablo,4474280837,70,455,Old Mutual,Londres,Reino Unido
Pablo,6611533129,99,642,Skandia,Londres,Reino Unido
Ana,1363900749,41,146,Protección,Abu Dabi,Emiratos Árabes Unidos
Elena,7730596868,79,126,Skandia,Madrid,España
Carlos,3672386353,96,577,Old Mutual,Singapur,Singapur
Isabel,4457260015,61,592,Old Mutual,Roma,Italia
Elena,8141022310,77,623,Porvenir,Londres,Reino Unido
Carlos,2447141804,81,639,Protección,París,Francia
Pablo,7636856258,87,441,Old Mutual,Abu Dabi,Emiratos Árabes Unidos
Monica,5517638820,80,760,Colfondos,Bangkok,Tailandia
Jorge,4432884130,76,53,Old Mutual,París,Francia
Carlos,7666815656,27,254,Skandia,Bangkok,Tailandia
Jorge,9910575741,77,279,Old Mutual,París,Francia
Mariana,8887361805,36,211,Colfondos,Manila,Filipinas
Monica,4279837613,57,53,Porvenir,Bangkok,Tailandia
Elena,1737801997,81,550,Porvenir,Barcelona,España
Carlos,3606478051,23,513,Colfondos,Londres,Reino Unido
Lucia,3611204480,97,666,Protección,Cartagena,Colombia
Carlos,6673151051,48,614,Skandia,Singapur,Singapur
Jorge,2604779091,45,618,Protección,Madrid,España
Alejandro,2497244350,34,320,Protección,Madrid,España
Alejandro,6969393339,42,782,Skandia,Londres,Reino Unido
Ana,7885968793,49,158,Protección,París,Francia
Mariana,5180141636,28,552,Protección,París,Francia
Monica,3010123788,59,23,Protección,Singapur,Singapur
Pablo,7739486630,78,657,Colfondos,París,Francia
Carlos,5012315215,95,342,Old Mutual,Londres,Reino Unido
Monica,9737624307,38,285,Skandia,Roma,Italia
Lucia,9983851792,21,183,Colfondos,Madrid,España
Isabel,7895607899,63,448,Old Mutual,Londres,Reino Unido
Elena,5313626029,88,726,Porvenir,París,Francia
Elena,3352568685,32,772,Porvenir,Londres,Reino Unido
Lucia,1968348317,31,462,Colfondos,Manila,Filipinas
Lucia,3937785497,54,112,Porvenir,Londres,Reino Unido
Lucia,4413840724,44,202,Protección,Londres,Reino Unido
Isabel,1522657906,24,474,Skandia,París,Francia
Pablo,5090161273,63,658,Skandia,Manila,Filipinas
Monica,5665712698,41,430,Porvenir,Londres,Reino Unido
Elena,1809637106,20,90,Porvenir,Bangkok,Tailandia
Jorge,9531182382,89,212,Old Mutual,Londres,Reino Unido
Alejandro,9777249559,32,181,Protección,Londres,Reino Unido
Alejandro,9462490259,59,544,Colfondos,Abu Dabi,Emiratos Árabes Unidos
Lucia,9511962190,50,481,Colfondos,Cartagena,Colombia
Elena,1277963203,28,107,Protección,Cartagena,Colombia
Carlos,9574188601,66,7,Colfondos,Madrid,España
Ana,2823547644,23,613,Skandia,Barcelona,España
Elena,9029516987,33,56,Colfondos,Manila,Filipinas
Lucia,6699778202,95,180,Porvenir,Manila,Filipinas
Jorge,9259170577,18,526,Colfondos,Singapur,Singapur
Isabel,9307057746,30,227,Porvenir,Singapur,Singapur
Jorge,8444889595,98,793,Colfondos,Roma,Italia
Ana,6503329740,64,534,Old Mutual,Londres,Reino Unido
Isabel,4858204481,32,26,Porvenir,Madrid,España
Pablo,5826238132,100,668,Old Mutual,Londres,Reino Unido
Mariana,4479439601,75,500,Protección,Singapur,Singapur
Carlos,4686560074,47,423,Porvenir,Abu Dabi,Emiratos Árabes Unidos
Lucia,1790407037,28,794,Skandia,Bangkok,Tailandia
Elena,5574220389,38,333,Protección,Abu Dabi,Emiratos Árabes Unidos
Pablo,9841240414,80,215,Colfondos,Bangkok,Tailandia
Lucia,7831264811,31,47,Porvenir,Madrid,España
Alejandro,8289337135,24,537,Protección,París,Francia
Alejandro,7582460508,90,367,Protección,Londres,Reino Unido
Mariana,6013455324,24,486,Old Mutual,Singapur,Singapur
Isabel,6089963659,60,257,Porvenir,París,Francia
Mariana,7976832181,94,417,Old Mutual,Madrid,España
Isabel,9219284004,53,366,Colfondos,Singapur,Singapur
Elena,4316291563,23,394,Porvenir,Roma,Italia
Carlos,8986901839,58,165,Old Mutual,Bangkok,Tailandia
Ana,9042957930,88,180,Protección,Bangkok,Tailandia
Jorge,1814111360,97,188,Protección,Abu Dabi,Emiratos Árabes Unidos
Monica,7220170151,52,353,Colfondos,Bangkok,Tailandia
Mariana,4627050764,32,710,Porvenir,Cartagena,Colombia
Mariana,4386271100,50,430,Protección,Londres,Reino Unido
Elena,6115682674,18,296,Protección,Bangkok,Tailandia
Alejandro,1082356255,26,127,Porvenir,Singapur,Singapur
Alejandro,5010768611,42,64,Protección,Roma,Italia
Mariana,3997874635,83,418,Colfondos,Barcelona,España
Pablo,5679481683,36,523,Porvenir,Roma,Italia
Jorge,3736180811,77,209,Protección,Singapur,Singapur
Alejandro,1975148969,34,76,Colfondos,Manila,Filipinas
Mariana,7759837481,44,167,Skandia,París,Francia
Elena,1472458149,83,368,Colfondos,Cartagena,Colombia
Carlos,1990631801,57,799,Colfondos,Singapur,Singapur
Isabel,4081979174,66,588,Skandia,Barcelona,España
Isabel,6999450212,73,140,Porvenir,Londres,Reino Unido
Lucia,5369895079,67,794,Protección,Madrid,España
Elena,6661216316,85,386,Porvenir,Singapur,Singapur
Elena,1823790404,39,390,Old Mutual,Bangkok,Tailandia
Pablo,6873910545,22,708,Protección,Roma,Italia
Monica,4971859519,68,189,Skandia,Singapur,Singapur
Lucia,3518637916,50,750,Old Mutual,Madrid,España
Jorge,8595979486,57,36,Porvenir,Abu Dabi,Emiratos Árabes Unidos
Lucia,3937633243,71,536,Protección,Roma,Italia
Mariana,2481284053,62,7,Colfondos,Abu Dabi,Emiratos Árabes Unidos
Lucia,6703091423,18,794,Protección,Barcelona,España
Elena,8617357026,26,572,Porvenir,Abu Dabi,Emiratos Árabes Unidos
Pablo,5600351061,74,139,Skandia,Manila,Filipinas
Mariana,6690859167,81,96,Protección,Madrid,España
Ana,5626507462,78,204,Protección,Bangkok,Tailandia
Monica,1149578729,89,664,Porvenir,Londres,Reino Unido
Lucia,1897739649,51,574,Skandia,Madrid,España
Ana,4612551303,19,129,Skandia,Londres,Reino Unido
Monica,3355851233,36,443,Skandia,Madrid,España
Isabel,3539117659,45,408,Colfondos,Cartagena,Colombia
Mariana,3395938082,25,614,Old Mutual,Roma,Italia
Jorge,7501506352,36,329,Skandia,Londres,Reino Unido
Jorge,7038862949,23,88,Colfondos,Madrid,España
Jorge,4728171993,19,580,Old Mutual,París,Francia
Carlos,7421417500,50,789,Porvenir,Singapur,Singapur
Ana,9151288355,24,60,Protección,Barcelona,España
Elena,1365980382,58,124,Old Mutual,Roma,Italia
Lucia,2056747556,100,502,Protección,París,Francia
Alejandro,7056082569,87,54,Protección,Roma,Italia
Ana,3787376383,37,244,Colfondos,Madrid,España
Pablo,6839651849,27,107,Colfondos,Barcelona,España
Pablo,2342524758,88,416,Porvenir,Bangkok,Tailandia
Elena,1471173148,85,272,Colfondos,Abu Dabi,Emiratos Árabes Unidos
Carlos,8007552871,82,403,Colfondos,París,Francia
Mariana,6280016195,58,417,Colfondos,París,Francia
Lucia,5650987761,27,541,Old Mutual,Bangkok,Tailandia
Carlos,7055813902,35,593,Colfondos,Manila,Filipinas
Alejandro,1076793203,62,102,Old Mutual,Roma,Italia
Elena,9459775619,76,608,Porvenir,Singapur,Singapur
Mariana,4904626532,27,786,Protección,Bangkok,Tailandia
Elena,8744264653,44,395,Colfondos,Bangkok,Tailandia
Pablo,1454647743,30,458,Protección,Abu Dabi,Emiratos Árabes Unidos
Jorge,3229643606,92,479,Skandia,Abu Dabi,Emiratos Árabes Unidos
Carlos,7795542817,79,412,Porvenir,Madrid,España
Pablo,2429605524,56,553,Old Mutual,Madrid,España
Lucia,3975081298,28,557,Porvenir,Bangkok,Tailandia
Lucia,4717705626,79,534,Skandia,Abu Dabi,Emiratos Árabes Unidos
Lucia,3296960479,37,714,Porvenir,Cartagena,Colombia
Monica,2220249275,41,711,Porvenir,Manila,Filipinas
Jorge,6699535154,32,159,Skandia,París,Francia
Mariana,5471525141,75,456,Porvenir,Madrid,España
Isabel,1676194450,47,314,Old Mutual,Londres,Reino Unido
Ana,2490138661,87,70,Old Mutual,Abu Dabi,Emiratos Árabes Unidos
Alejandro,1272533319,33,660,Porvenir,Bangkok,Tailandia
Lucia,4299941433,27,498,Colfondos,Madrid,España
Ana,4224421547,27,580,Porvenir,París,Francia
Pablo,3104909822,54,700,Porvenir,Londres,Reino Unido
Jorge,5267700115,40,289,Porvenir,Manila,Filipinas
Lucia,1526406734,60,590,Protección,Singapur,Singapur
Monica,4102894366,96,214,Porvenir,Bangkok,Tailandia
Jorge,2470488124,42,263,Skandia,Bangkok,Tailandia
Ana,7329068451,23,522,Porvenir,Londres,Reino Unido
Lucia,3611277212,79,573,Colfondos,Manila,Filipinas
Lucia,2447710726,73,39,Protección,Londres,Reino Unido
Carlos,1301898332,26,314,Skandia,París,Francia
Monica,3088735796,35,548,Skandia,Londres,Reino Unido
Ana,6613621945,52,196,Skandia,Londres,Reino Unido
Lucia,7485020201,96,426,Colfondos,Abu Dabi,Emiratos Árabes Unidos
Elena,1801627502,43,386,Skandia,París,Francia
Jorge,1118800726,57,238,Colfondos,Londres,Reino Unido
Elena,5701637229,68,210,Protección,Abu Dabi,Emiratos Árabes Unidos
Alejandro,7932315699,90,163,Old Mutual,París,Francia
Mariana,2187728364,63,387,Skandia,Manila,Filipinas
Monica,8275743526,40,238,Skandia,Cartagena,Colombia
Ana,6056467566,31,257,Porvenir,Barcelona,España
Pablo,1341652355,38,255,Colfondos,Madrid,España
Lucia,8819598504,91,449,Colfondos,Abu Dabi,Emiratos Árabes Unidos
Carlos,8309767176,80,453,Skandia,Roma,Italia
Carlos,9763452138,33,74,Porvenir,Barcelona,España
Monica,7934252165,44,765,Colfondos,Bangkok,Tailandia
Mariana,3378092093,21,246,Porvenir,Singapur,Singapur
Alejandro,9949289230,37,111,Colfondos,Roma,Italia
Alejandro,2985775353,23,350,Porvenir,Londres,Reino Unido
Ana,7824650001,46,206,Skandia,Madrid,España
Isabel,3646266458,80,462,Skandia,Abu Dabi,Emiratos Árabes Unidos
Mariana,4425527110,59,3,Skandia,Manila,Filipinas
Monica,2550802759,46,687,Protección,Londres,Reino Unido
Alejandro,7251028068,89,28,Protección,Cartagena,Colombia
Jorge,6745658568,76,594,Colfondos,Manila,Filipinas
Alejandro,4728036301,65,72,Skandia,París,Francia
Pablo,4103855207,50,296,Skandia,Cartagena,Colombia
Mariana,7097657441,23,583,Colfondos,Londres,Reino Unido
Elena,2192267343,51,403,Porvenir,Manila,Filipinas
Ana,3976273013,91,22,Skandia,Londres,Reino Unido
Ana,4988270959,69,188,Porvenir,Manila,Filipinas
Jorge,7964838008,94,353,Protección,Madrid,España
Pablo,7781735414,51,556,Porvenir,Bangkok,Tailandia
Mariana,9732703106,84,85,Protección,Singapur,Singapur
Carlos,4393209322,59,614,Porvenir,Manila,Filipinas
Lucia,8832633376,91,767,Old Mutual,Bangkok,Tailandia
Alejandro,6813221636,51,351,Old Mutual,París,Francia
Pablo,1914621565,79,720,Old Mutual,París,Francia
Ana,7343776121,63,314,Skandia,Singapur,Singapur
Jorge,1765549212,48,98,Old Mutual,Singapur,Singapur
Carlos,7412213600,79,406,Skandia,Singapur,Singapur
Carlos,2667430393,61,632,Colfondos,Cartagena,Colombia
Isabel,2915504147,70,678,Porvenir,Londres,Reino Unido
Isabel,6481104855,40,138,Old Mutual,Abu Dabi,Emiratos Árabes Unidos
Mariana,6029819968,84,209,Colfondos,Singapur,Singapur
Carlos,2531497843,82,215,Skandia,Abu Dabi,Emiratos Árabes Unidos
Monica,9457430796,44,257,Old Mutual,Abu Dabi,Emiratos Árabes Unidos
Pablo,1191934831,85,410,Skandia,Abu Dabi,Emiratos Árabes Unidos
Lucia,9717362276,48,536,Colfondos,Londres,Reino Unido
Elena,4890381280,41,59,Protección,Cartagena,Colombia
Isabel,2864872217,53,712,Porvenir,Cartagena,Colombia
Lucia,3158263043,78,528,Colfondos,París,Francia
Ana,8840285014,29,28,Old Mutual,Londres,Reino Unido
Jorge,6494238776,91,264,Old Mutual,París,Francia
Lucia,6080533078,67,786,Porvenir,Singapur,Singapur
Isabel,2058552650,62,365,Protección,Londres,Reino Unido
Carlos,1993490013,71,64,Porvenir,Madrid,España
Monica,1193504910,32,395,Old Mutual,Cartagena,Colombia
Pablo,2794696593,47,512,Old Mutual,Roma,Italia
Alejandro,2862093942,32,606,Old Mutual,Madrid,España
Isabel,3646526661,65,397,Skandia,Manila,Filipinas
Elena,6413419881,21,771,Protección,Manila,Filipinas
Lucia,5452945058,91,3,Old Mutual,Manila,Filipinas
Pablo,4228334123,25,235,Old Mutual,Cartagena,Colombia
Mariana,4655096040,38,452,Colfondos,Cartagena,Colombia
Ana,4970772859,74,85,Colfondos,Cartagena,Colombia
Pablo,6389256476,80,644,Skandia,Abu Dabi,Emiratos Árabes Unidos
Mariana,6162502772,22,255,Porvenir,París,Francia
Mariana,9727815964,21,172,Skandia,Singapur,Singapur
Alejandro,8725718327,40,273,Old Mutual,Bangkok,Tailandia
Ana,3716751847,52,768,Skandia,Madrid,España
Pablo,9098751004,56,135,Skandia,Madrid,España
Mariana,5250638496,98,517,Colfondos,París,Francia
Ana,2669565369,72,169,Old Mutual,Londres,Reino Unido
Mariana,4354854936,64,494,Colfondos,Madrid,España
Jorge,4691140710,99,97,Protección,Madrid,España
Pablo,2408254705,30,211,Colfondos,Manila,Filipinas
Elena,4942934691,99,471,Porvenir,Singapur,Singapur
Lucia,8191713813,23,387,Porvenir,Cartagena,Colombia
Carlos,7182029145,57,310,Old Mutual,Cartagena,Colombia
Pablo,6768821591,71,725,Skandia,Manila,Filipinas
Lucia,7653794144,89,734,Old Mutual,Madrid,España
Monica,1628767583,35,765,Old Mutual,Londres,Reino Unido
Ana,7002886237,74,124,Colfondos,Londres,Reino Unido
Mariana,6465545292,91,277,Old Mutual,Manila,Filipinas
Mariana,4374458957,96,100,Colfondos,Barcelona,España
Pablo,6005115339,94,798,Colfondos,Madrid,España
Pablo,1801056163,34,197,Colfondos,París,Francia
Ana,4077932869,31,120,Porvenir,Cartagena,Colombia
Lucia,1487497637,22,679,Porvenir,Madrid,España
Ana,2568717691,42,532,Protección,Singapur,Singapur
Jorge,4162435545,76,198,Protección,Singapur,Singapur
Pablo,1243270682,61,43,Old Mutual,Barcelona,España
Carlos,3721558942,41,420,Old Mutual,Londres,Reino Unido
Alejandro,2118634961,51,301,Skandia,París,Francia
Alejandro,2970925932,35,719,Colfondos,Madrid,España
Lucia,4218546151,71,368,Colfondos,Bangkok,Tailandia
Lucia,2281026275,19,421,Porvenir,Manila,Filipinas
Elena,5278828012,30,232,Porvenir,Barcelona,España
Jorge,1708963517,77,115,Colfondos,Londres,Reino Unido
Isabel,3341809402,22,329,Porvenir,Abu Dabi,Emiratos Árabes Unidos
Monica,2081549684,42,290,Protección,Singapur,Singapur
Pablo,2774239296,29,114,Protección,Roma,Italia
Isabel,2000062461,80,769,Skandia,Roma,Italia
Lucia,5772746664,99,5,Protección,París,Francia
Jorge,5395652314,98,223,Porvenir,París,Francia
Mariana,6415906871,33,769,Colfondos,Cartagena,Colombia
Lucia,2534117057,60,231,Colfondos,Manila,Filipinas
Mariana,3479460143,19,387,Old Mutual,Cartagena,Colombia
Elena,4513505532,97,617,Protección,Manila,Filipinas
Alejandro,6685385358,29,788,Porvenir,Cartagena,Colombia
Jorge,6783441561,55,312,Skandia,Cartagena,Colombia
Jorge,2709369114,53,114,Protección,Cartagena,Colombia
Alejandro,5416439715,24,556,Old Mutual,Singapur,Singapur
Ana,6801090546,89,772,Porvenir,Barcelona,España
Mariana,2532060708,92,403,Protección,Manila,Filipinas
Alejandro,9188787722,95,700,Skandia,Madrid,España
Elena,6570457832,80,705,Colfondos,Madrid,España
Lucia,8080670370,40,354,Protección,Manila,Filipinas
Alejandro,1256103390,97,737,Skandia,Manila,Filipinas
Carlos,7348084575,23,635,Skandia,Bangkok,Tailandia
Alejandro,3310277443,68,614,Porvenir,Barcelona,España
Isabel,5319645822,48,364,Colfondos,Londres,Reino Unido
Jorge,3119068792,62,494,Skandia,Manila,Filipinas
Ana,2675858239,49,78,Protección,Bangkok,Tailandia
Alejandro,4860349993,22,635,Colfondos,Abu Dabi,Emiratos Árabes Unidos
Pablo,5562382158,38,296,Porvenir,Barcelona,España
Carlos,6032087915,29,489,Protección,Abu Dabi,Emiratos Árabes Unidos
Lucia,2170600081,28,738,Old Mutual,París,Francia
Carlos,9713267102,86,73,Colfondos,Bangkok,Tailandia
Elena,2043406608,48,238,Skandia,Abu Dabi,Emiratos Árabes Unidos
Alejandro,6449403369,53,123,Porvenir,Manila,Filipinas
Lucia,7960700496,47,652,Old Mutual,Manila,Filipinas
Ana,2421899244,86,317,Skandia,Londres,Reino Unido
Elena,9642549509,85,389,Skandia,Cartagena,Colombia
Pablo,9441958523,91,624,Colfondos,Singapur,Singapur
Isabel,9426140386,98,262,Old Mutual,Roma,Italia
Monica,9744951936,48,696,Porvenir,Singapur,Singapur
Ana,9381011030,24,275,Skandia,Londres,Reino Unido
Carlos,3864164406,76,221,Colfondos,Barcelona,España
Isabel,7095469171,57,445,Colfondos,Londres,Reino Unido
Carlos,4687976199,91,405,Skandia,París,Francia
Jorge,4256077942,73,773,Protección,Bangkok,Tailandia
Mariana,7746927394,51,258,Protección,Barcelona,España
Elena,1970485675,22,1,Old Mutual,París,Francia
Ana,3877591547,56,786,Protección,Abu Dabi,Emiratos Árabes Unidos
Isabel,6249289092,27,165,Porvenir,Singapur,Singapur
Pablo,1251671150,21,102,Old Mutual,Cartagena,Colombia
Pablo,1320676415,82,195,Porvenir,Bangkok,Tailandia
Jorge,9224940090,48,145,Colfondos,Barcelona,España
Pablo,8443246098,46,64,Porvenir,Bangkok,Tailandia
Pablo,4481283136,24,489,Old Mutual,Singapur,Singapur
Mariana,2069631061,27,690,Colfondos,Cartagena,Colombia
Pablo,5279499047,64,753,Protección,Manila,Filipinas
Alejandro,9937581885,72,108,Colfondos,Barcelona,España
Mariana,3220960162,47,65,Protección,Barcelona,España
Jorge,7485851446,21,488,Colfondos,Barcelona,España
Pablo,7252869412,57,645,Colfondos,Abu Dabi,Emiratos Árabes Unidos
Pablo,2958187663,81,631,Porvenir,Manila,Filipinas
Jorge,8327705080,85,243,Colfondos,Abu Dabi,Emiratos Árabes Unidos
Mariana,2197411514,26,732,Skandia,Barcelona,España
Mariana,4942902973,31,357,Old Mutual,Madrid,España
Isabel,6977704785,65,512,Colfondos,Singapur,Singapur
Alejandro,6104898548,23,363,Protección,París,Francia
Carlos,9400873874,42,649,Old Mutual,Singapur,Singapur
Mariana,5804222837,84,602,Protección,Abu Dabi,Emiratos Árabes Unidos
Carlos,8314283685,86,707,Protección,Madrid,España
Alejandro,8334721697,69,324,Skandia,Londres,Reino Unido
Jorge,4548254098,46,202,Protección,Barcelona,España
Monica,3798640390,36,586,Skandia,Madrid,España
Pablo,3558151252,51,651,Old Mutual,Madrid,España
Monica,6499292845,51,23,Old Mutual,Madrid,España
Monica,7394916332,19,324,Skandia,Londres,Reino Unido
Pablo,9258422265,53,280,Old Mutual,París,Francia
Elena,2451783111,46,492,Protección,Madrid,España
Mariana,3167191797,18,677,Porvenir,París,Francia
Carlos,4560597911,67,150,Protección,Abu Dabi,Emiratos Árabes Unidos
Jorge,8579769716,99,365,Colfondos,Roma,Italia
Monica,7577788596,64,382,Colfondos,París,Francia
Jorge,7175004857,54,455,Colfondos,Abu Dabi,Emiratos Árabes Unidos
Alejandro,3049580634,55,81,Protección,Singapur,Singapur
Pablo,2189629479,93,431,Skandia,Manila,Filipinas
Ana,7266690957,96,767,Porvenir,Madrid,España
Ana,2065214101,33,29,Protección,Cartagena,Colombia
Isabel,9705274591,29,510,Old Mutual,Cartagena,Colombia
Carlos,2780212303,37,289,Colfondos,Cartagena,Colombia
Elena,4853354636,45,498,Old Mutual,Madrid,España
Elena,7137775517,55,704,Old Mutual,Manila,Filipinas
Carlos,8124399627,34,736,Colfondos,Singapur,Singapur
Isabel,8118281241,91,249,Colfondos,Manila,Filipinas
Monica,1556204186,94,282,Skandia,Roma,Italia
Isabel,6637069933,88,455,Porvenir,Bangkok,Tailandia
Alejandro,4727696707,69,450,Skandia,Singapur,Singapur
Alejandro,4765488023,92,482,Skandia,Barcelona,España
Elena,8939837383,38,131,Colfondos,Londres,Reino Unido
Isabel,9313243460,77,513,Colfondos,Abu Dabi,Emiratos Árabes Unidos
Ana,8417121565,36,546,Colfondos,Bangkok,Tailandia
Monica,9580946865,42,110,Colfondos,París,Francia
Lucia,3079189294,97,351,Skandia,Londres,Reino Unido
Monica,7451797448,60,505,Porvenir,Manila,Filipinas
Lucia,9277605444,81,762,Porvenir,Singapur,Singapur
Isabel,1324274164,67,773,Protección,Madrid,España
Carlos,2495396999,55,714,Skandia,Abu Dabi,Emiratos Árabes Unidos
Pablo,8675911697,23,714,Skandia,París,Francia
Ana,5101639437,55,622,Skandia,Barcelona,España
Ana,5101224926,58,472,Porvenir,Singapur,Singapur
Pablo,3691669960,39,640,Skandia,Singapur,Singapur
Ana,4339792192,67,731,Skandia,Barcelona,España
Mariana,9879562065,28,702,Colfondos,Manila,Filipinas
Elena,9974614604,57,68,Old Mutual,Bangkok,Tailandia
Monica,3264268924,82,320,Skandia,Cartagena,Colombia
Carlos,4619332176,94,459,Skandia,Cartagena,Colombia
Alejandro,7642335633,95,228,Protección,Roma,Italia
Lucia,3251816466,24,355,Skandia,Barcelona,España
Pablo,2498521823,71,587,Colfondos,Abu Dabi,Emiratos Árabes Unidos
Carlos,2089639919,52,467,Skandia,Abu Dabi,Emiratos Árabes Unidos
Jorge,6951892943,64,670,Colfondos,Abu Dabi,Emiratos Árabes Unidos
Elena,3026905034,77,17,Skandia,Manila,Filipinas
Alejandro,4571289452,70,46,Skandia,Roma,Italia
Jorge,2134709891,91,737,Protección,Barcelona,España
Mariana,7711104147,90,89,Porvenir,Bangkok,Tailandia
Mariana,9185116664,54,800,Protección,Abu Dabi,Emiratos Árabes Unidos
Ana,8999417359,48,91,Colfondos,Abu Dabi,Emiratos Árabes Unidos
Jorge,8416692379,94,589,Porvenir,Barcelona,España
Carlos,2681511161,39,796,Old Mutual,Bangkok,Tailandia
Carlos,1109964053,74,511,Protección,Madrid,España
Ana,3660443616,32,321,Skandia,Londres,Reino Unido
Alejandro,7472189539,41,175,Protección,Cartagena,Colombia
Ana,7108821681,39,727,Skandia,Barcelona,España
Lucia,6078483592,90,480,Skandia,Barcelona,España
Jorge,1346168337,34,248,Skandia,París,Francia
Ana,5355204364,51,14,Colfondos,París,Francia
Pablo,4086883823,34,269,Skandia,Bangkok,Tailandia
Jorge,3711449066,94,132,Skandia,Roma,Italia
Ana,3747088541,94,379,Old Mutual,Manila,Filipinas
Ana,8466480172,80,577,Colfondos,Bangkok,Tailandia
Alejandro,9462484106,79,436,Old Mutual,Madrid,España
Ana,1156327843,69,211,Protección,Manila,Filipinas
Carlos,5974630790,23,480,Protección,Singapur,Singapur
Ana,6300676101,36,276,Colfondos,París,Francia
Monica,9829871854,22,274,Porvenir,Madrid,España
Carlos,7018263347,18,57,Skandia,Roma,Italia
Pablo,5674565484,61,205,Porvenir,París,Francia
Isabel,8410288533,43,191,Porvenir,Barcelona,España
Isabel,9607376048,100,236,Skandia,Londres,Reino Unido
Mariana,8669658816,98,443,Skandia,París,Francia
Lucia,7045027451,43,267,Colfondos,Londres,Reino Unido
Jorge,3162615899,20,188,Colfondos,Barcelona,España
Monica,8591808973,77,640,Old Mutual,Singapur,Singapur
Ana,1624284653,56,632,Porvenir,París,Francia
Pablo,1195847173,65,531,Old Mutual,Singapur,Singapur
Carlos,5580890389,31,481,Old Mutual,París,Francia
Pablo,2418594024,83,49,Protección,Londres,Reino Unido
Isabel,5313605797,97,432,Old Mutual,Bangkok,Tailandia
Pablo,7705303637,39,51,Colfondos,Madrid,España
Alejandro,9384598481,98,436,Protección,París,Francia
Pablo,7532329439,31,286,Old Mutual,Singapur,Singapur
Lucia,3422364832,58,13,Protección,Manila,Filipinas
Elena,4465812850,72,646,Old Mutual,Manila,Filipinas
Isabel,9591155404,90,47,Old Mutual,Cartagena,Colombia
Alejandro,4701217572,23,153,Old Mutual,Singapur,Singapur
Monica,5206968480,31,380,Porvenir,Barcelona,España
Mariana,4737560867,73,542,Porvenir,Abu Dabi,Emiratos Árabes Unidos
Jorge,1984132949,68,43,Protección,París,Francia
Alejandro,2876262554,43,367,Skandia,Barcelona,España
Carlos,4591170911,65,18,Porvenir,Madrid,España
Carlos,6506876330,90,552,Colfondos,Roma,Italia
Isabel,8282838732,36,55,Colfondos,Manila,Filipinas
Carlos,8145050204,28,512,Protección,Bangkok,Tailandia
Alejandro,7159977685,74,117,Skandia,París,Francia
Ana,2559697856,39,417,Old Mutual,Cartagena,Colombia
Isabel,7660163656,87,388,Colfondos,Londres,Reino Unido
Elena,1550951425,55,582,Skandia,Singapur,Singapur
Monica,3962678081,68,472,Porvenir,Manila,Filipinas
Elena,7514098732,19,740,Protección,Barcelona,España
Alejandro,1213677458,85,102,Protección,Cartagena,Colombia
Jorge,6735008801,68,778,Old Mutual,Manila,Filipinas
Carlos,2145703893,59,608,Colfondos,Londres,Reino Unido
Lucia,9395042494,67,137,Skandia,Madrid,España
Jorge,1529164700,70,715,Old Mutual,Cartagena,Colombia
Mariana,4916958749,30,477,Colfondos,París,Francia
Isabel,7385986473,58,124,Skandia,Bangkok,Tailandia
Pablo,2461521483,54,303,Old Mutual,Barcelona,España
Elena,3568578344,37,252,Colfondos,Roma,Italia
Carlos,3268204580,61,75,Porvenir,Manila,Filipinas
Alejandro,4822332585,39,489,Porvenir,Abu Dabi,Emiratos Árabes Unidos
Isabel,4697085316,56,147,Skandia,Barcelona,España
Isabel,9937990988,23,540,Skandia,Singapur,Singapur
Monica,7471655249,85,743,Porvenir,Singapur,Singapur
Elena,6505061722,32,400,Protección,Londres,Reino Unido
Carlos,5867934864,76,242,Colfondos,Roma,Italia
Carlos,5272819470,94,402,Porvenir,Cartagena,Colombia
Monica,2010962559,95,555,Colfondos,Manila,Filipinas
Carlos,4275757926,26,92,Porvenir,Madrid,España
Carlos,6070283539,52,236,Skandia,Singapur,Singapur
Carlos,5799109579,68,414,Protección,Singapur,Singapur
Carlos,9064239186,82,146,Porvenir,Singapur,Singapur
Monica,6694446838,40,166,Skandia,Bangkok,Tailandia
Mariana,2782557618,33,204,Skandia,Bangkok,Tailandia
Jorge,9734473437,79,611,Skandia,Manila,Filipinas
Carlos,8501727756,40,504,Porvenir,Abu Dabi,Emiratos Árabes Unidos
Pablo,3732319469,67,711,Porvenir,Bangkok,Tailandia
Monica,2607606824,72,242,Protección,Manila,Filipinas
Lucia,5084389392,59,51,Colfondos,Londres,Reino Unido
Carlos,3650723358,28,138,Old Mutual,Singapur,Singapur
Alejandro,3274493727,50,144,Porvenir,Roma,Italia
Mariana,4333088188,71,348,Protección,Londres,Reino Unido
Monica,9499584551,80,307,Porvenir,Abu Dabi,Emiratos Árabes Unidos
Monica,4751032468,43,258,Skandia,París,Francia
Ana,7078906890,66,184,Porvenir,Abu Dabi,Emiratos Árabes Unidos
Alejandro,1158006770,97,643,Skandia,Roma,Italia
Pablo,4957338721,31,416,Skandia,París,Francia
Pablo,8233587439,54,3,Porvenir,Roma,Italia
Pablo,6301061481,56,266,Protección,Roma,Italia
Ana,6747006817,52,425,Old Mutual,Barcelona,España
Ana,7551944664,56,40,Protección,Madrid,España
Isabel,8072157090,31,103,Porvenir,Manila,Filipinas
Monica,7493090845,77,577,Protección,Singapur,Singapur
Jorge,3218131513,87,454,Old Mutual,Barcelona,España
Jorge,8417020993,56,452,Porvenir,Cartagena,Colombia
Monica,7083372735,19,409,Porvenir,París,Francia
Ana,3241452167,84,88,Porvenir,Bangkok,Tailandia
Carlos,9438412958,72,394,Porvenir,Londres,Reino Unido
Jorge,3670511739,27,474,Skandia,Abu Dabi,Emiratos Árabes Unidos
Alejandro,3416847843,67,155,Protección,Roma,Italia
Isabel,8596287471,53,615,Old Mutual,Roma,Italia
Monica,8702352130,24,411,Protección,Bangkok,Tailandia
Mariana,9123279705,18,297,Old Mutual,Cartagena,Colombia
Mariana,3158504090,40,676,Porvenir,Barcelona,España
Elena,3825298074,67,227,Old Mutual,Singapur,Singapur
Ana,3216460085,71,217,Old Mutual,Madrid,España
Carlos,9941038666,68,347,Porvenir,Abu Dabi,Emiratos Árabes Unidos
Carlos,4724539791,24,163,Skandia,Barcelona,España
Ana,8430896478,68,484,Skandia,Manila,Filipinas
Elena,4530187839,62,785,Skandia,Bangkok,Tailandia
Lucia,1587900927,88,685,Protección,Manila,Filipinas
Isabel,1381687312,70,737,Protección,Londres,Reino Unido
Pablo,4780371137,57,767,Skandia,Madrid,España
Mariana,9320796392,98,474,Colfondos,Bangkok,Tailandia
Ana,2822840402,61,191,Protección,Manila,Filipinas
Carlos,8536762210,29,445,Colfondos,Bangkok,Tailandia
Mariana,4848157702,99,65,Skandia,Manila,Filipinas
Isabel,9600276070,29,359,Protección,Londres,Reino Unido
Isabel,1224783213,77,660,Skandia,Roma,Italia
Pablo,3231712452,60,411,Protección,Bangkok,Tailandia
Isabel,1133030561,91,183,Porvenir,Singapur,Singapur
Mariana,6900654487,95,422,Protección,Manila,Filipinas
Isabel,9136815754,42,99,Porvenir,Bangkok,Tailandia
Monica,6205700074,90,204,Old Mutual,Madrid,España
Mariana,1072471440,34,708,Old Mutual,Singapur,Singapur
Elena,6898030896,34,759,Colfondos,Abu Dabi,Emiratos Árabes Unidos
Jorge,2687267640,39,705,Skandia,Manila,Filipinas
Elena,4152670054,44,444,Skandia,Barcelona,España
Carlos,7546552995,94,208,Skandia,Barcelona,España
Pablo,8850206062,78,722,Porvenir,Londres,Reino Unido
Ana,1247227486,79,173,Colfondos,Cartagena,Colombia
Ana,4121559215,51,153,Protección,Singapur,Singapur
Jorge,5120892330,76,518,Porvenir,Cartagena,Colombia
Alejandro,1338092428,92,724,Porvenir,Almaty,Kazajistán
Alejandro,8350985115,58,442,Skandia,Almaty,Kazajistán
Mariana,6688510887,43,35,Porvenir,Almaty,Kazajistán
Jorge,7608702935,49,147,Old Mutual,Almaty,Kazajistán
Lucia,4338568454,45,656,Old Mutual,Almaty,Kazajistán
Pablo,8035349639,53,126,Colfondos,Almaty,Kazajistán
Monica,5279288137,90,388,Protección,Almaty,Kazajistán
Jorge,9964827732,21,156,Old Mutual,Almaty,Kazajistán
Monica,4702875279,28,171,Skandia,Almaty,Kazajistán
Ana,9294632251,80,431,Old Mutual,Almaty,Kazajistán
Carlos,1984333172,63,336,Porvenir,Almaty,Kazajistán
Elena,9113681786,81,341,Porvenir,Almaty,Kazajistán
Jorge,3459999320,76,339,Skandia,Almaty,Kazajistán
Mariana,3995922595,24,509,Colfondos,Almaty,Kazajistán
Alejandro,5119319109,53,727,Skandia,Almaty,Kazajistán
Elena,8036041794,96,44,Old Mutual,Almaty,Kazajistán
Alejandro,5957603260,64,736,Porvenir,Almaty,Kazajistán
Jorge,6859676204,95,606,Porvenir,Almaty,Kazajistán
Elena,6120778679,19,533,Colfondos,Almaty,Kazajistán
Ana,2833316520,82,345,Porvenir,Almaty,Kazajistán
Mariana,7434821590,61,466,Colfondos,Almaty,Kazajistán
Mariana,3350388939,68,765,Old Mutual,Almaty,Kazajistán
Pablo,1193593477,57,0,Skandia,Almaty,Kazajistán
Elena,8432279833,76,509,Colfondos,Almaty,Kazajistán
Pablo,6901429061,99,672,Porvenir,Almaty,Kazajistán
Elena,2622101165,80,648,Colfondos,Almaty,Kazajistán
Carlos,3360622208,49,640,Colfondos,Almaty,Kazajistán
Ana,8380872727,34,585,Porvenir,Almaty,Kazajistán
Lucia,3655003937,65,735,Protección,Almaty,Kazajistán
Lucia,1273670312,56,616,Protección,Almaty,Kazajistán
Jorge,6442805594,53,779,Skandia,Almaty,Kazajistán
Monica,8324195616,49,357,Porvenir,Almaty,Kazajistán
Jorge,6436144613,79,655,Skandia,Almaty,Kazajistán
Monica,4482193961,46,91,Old Mutual,Almaty,Kazajistán
Isabel,4754200679,19,755,Old Mutual,Almaty,Kazajistán
Lucia,1526370997,77,635,Porvenir,Almaty,Kazajistán
Jorge,6938113675,69,380,Colfondos,Almaty,Kazajistán
Monica,4142579029,37,5,Skandia,Almaty,Kazajistán
Alejandro,5818343115,80,439,Skandia,Almaty,Kazajistán
Ana,9327816067,96,618,Porvenir,Almaty,Kazajistán
Jorge,3281704425,89,517,Protección,Islamabad,Pakistán
Lucia,8918325442,71,140,Skandia,Islamabad,Pakistán
Elena,4147513576,42,1,Old Mutual,Islamabad,Pakistán
Ana,4966998614,89,337,Old Mutual,Islamabad,Pakistán
Lucia,8856449138,82,497,Skandia,Islamabad,Pakistán
Mariana,6837148597,60,154,Skandia,Islamabad,Pakistán
Lucia,2464691804,52,390,Skandia,Islamabad,Pakistán
Lucia,6138695788,82,485,Protección,Islamabad,Pakistán
Carlos,3731845930,93,13,Old Mutual,Islamabad,Pakistán
Ana,8079302863,43,63,Protección,Islamabad,Pakistán
Lucia,5363532691,35,173,Colfondos,Islamabad,Pakistán
Jorge,8627834175,57,286,Colfondos,Islamabad,Pakistán
Lucia,8880888197,80,267,Old Mutual,Islamabad,Pakistán
Isabel,4454521449,85,426,Protección,Islamabad,Pakistán
Isabel,5609260772,90,569,Colfondos,Islamabad,Pakistán
Carlos,7917221922,79,588,Skandia,Islamabad,Pakistán
Ana,7699965187,87,612,Protección,Islamabad,Pakistán
Monica,2162594217,95,439,Protección,Islamabad,Pakistán
Monica,1917161844,40,785,Skandia,Islamabad,Pakistán
Carlos,9080103008,86,246,Old Mutual,Islamabad,Pakistán
Carlos,7451381487,74,155,Skandia,Islamabad,Pakistán
Isabel,6395169537,98,433,Colfondos,Islamabad,Pakistán
Isabel,6765592629,64,251,Old Mutual,Islamabad,Pakistán
Jorge,5481015590,26,36,Skandia,Islamabad,Pakistán
Lucia,5784107962,72,340,Old Mutual,Islamabad,Pakistán
Carlos,8666562610,87,395,Skandia,Islamabad,Pakistán
Ana,2809546998,18,759,Porvenir,Islamabad,Pakistán
Carlos,5862846133,54,312,Old Mutual,Islamabad,Pakistán
Mariana,4078488888,18,588,Protección,Islamabad,Pakistán
Monica,8129084906,95,29,Old Mutual,Islamabad,Pakistán
Elena,5694099796,90,716,Colfondos,Islamabad,Pakistán
Alejandro,6233374645,26,33,Protección,Islamabad,Pakistán
Isabel,6228646771,19,127,Skandia,Islamabad,Pakistán
Monica,6991810940,63,564,Old Mutual,Islamabad,Pakistán
Lucia,4861520884,85,687,Colfondos,Islamabad,Pakistán
Elena,2128500335,42,45,Colfondos,Islamabad,Pakistán
Pablo,6678166630,31,439,Protección,Islamabad,Pakistán
Pablo,9337827399,49,710,Porvenir,Islamabad,Pakistán
Lucia,3813213386,31,316,Porvenir,Islamabad,Pakistán
Lucia,5387474834,37,26,Colfondos,Islamabad,Pakistán
Lucia,9149601626,36,140,Old Mutual,Kabul,Afganistán
Mariana,5291003848,36,347,Protección,Kabul,Afganistán
Carlos,4203715162,89,196,Old Mutual,Kabul,Afganistán
Jorge,2892415231,79,157,Old Mutual,Kabul,Afganistán
Carlos,9156850072,82,374,Protección,Kabul,Afganistán
Ana,9665840337,26,375,Colfondos,Kabul,Afganistán
Lucia,2554056474,34,502,Skandia,Kabul,Afganistán
Lucia,5091611872,74,261,Colfondos,Kabul,Afganistán
Carlos,2208923132,29,53,Skandia,Kabul,Afganistán
Ana,6139639630,53,321,Protección,Kabul,Afganistán
Carlos,1156739091,40,724,Old Mutual,Kabul,Afganistán
Ana,9313450558,68,692,Skandia,Kabul,Afganistán
Jorge,7954924744,51,333,Colfondos,Kabul,Afganistán
Carlos,1544041465,72,168,Colfondos,Kabul,Afganistán
Lucia,6500482193,94,703,Porvenir,Kabul,Afganistán
Mariana,9167015728,44,608,Protección,Kabul,Afganistán
Mariana,6420315442,97,544,Old Mutual,Kabul,Afganistán
Jorge,6114324785,54,663,Porvenir,Kabul,Afganistán
Carlos,7972195238,30,457,Porvenir,Kabul,Afganistán
Jorge,1209779803,56,288,Skandia,Kabul,Afganistán
Lucia,6862617876,61,527,Colfondos,Kabul,Afganistán
Monica,2436699790,39,561,Porvenir,Kabul,Afganistán
Elena,2175012258,96,589,Skandia,Kabul,Afganistán
Jorge,2028373519,89,158,Old Mutual,Kabul,Afganistán
Alejandro,6944546910,34,168,Protección,Kabul,Afganistán
Isabel,2379530707,47,212,Protección,Kabul,Afganistán
Pablo,3780917461,22,246,Protección,Kabul,Afganistán
Monica,3022533547,83,6,Skandia,Kabul,Afganistán
Ana,7511455692,53,451,Old Mutual,Kabul,Afganistán
Monica,6289703672,76,355,Skandia,Kabul,Afganistán
Elena,2638311416,67,682,Protección,Kabul,Afganistán
Elena,1009970611,18,45,Porvenir,Kabul,Afganistán
Lucia,2184177367,99,774,Porvenir,Kabul,Afganistán
Monica,6166234232,28,423,Porvenir,Kabul,Afganistán
Mariana,5903840396,79,250,Old Mutual,Kabul,Afganistán
Monica,9180155601,99,655,Porvenir,Kabul,Afganistán
Monica,4694623256,80,435,Skandia,Kabul,Afganistán
Alejandro,1798858216,21,254,Porvenir,Kabul,Afganistán
Isabel,2458233360,68,707,Porvenir,Kabul,Afganistán
Jorge,8327514565,91,41,Colfondos,Kabul,Afganistán
Jorge,6090783181,77,81,Protección,Tashkent,Uzbekistán
Carlos,6035227809,46,699,Skandia,Tashkent,Uzbekistán
Elena,6376573506,100,633,Protección,Tashkent,Uzbekistán
Elena,7502974027,71,554,Skandia,Tashkent,Uzbekistán
Lucia,2964586976,82,473,Porvenir,Tashkent,Uzbekistán
Elena,3953143228,23,109,Protección,Tashkent,Uzbekistán
Alejandro,2497913850,54,113,Protección,Tashkent,Uzbekistán
Monica,1424474966,80,364,Protección,Tashkent,Uzbekistán
Lucia,9781178429,100,642,Skandia,Tashkent,Uzbekistán
Jorge,4085953622,40,596,Porvenir,Tashkent,Uzbekistán
Jorge,3860405014,77,509,Old Mutual,Tashkent,Uzbekistán
Lucia,6346662894,81,48,Protección,Tashkent,Uzbekistán
Alejandro,5852659780,31,35,Skandia,Tashkent,Uzbekistán
Jorge,3627530982,96,355,Old Mutual,Tashkent,Uzbekistán
Monica,8047428231,38,427,Protección,Tashkent,Uzbekistán
Mariana,1541523148,31,754,Protección,Tashkent,Uzbekistán
Isabel,5685330201,70,754,Porvenir,Tashkent,Uzbekistán
Mariana,3596302210,50,695,Protección,Tashkent,Uzbekistán
Isabel,4490594690,72,761,Old Mutual,Tashkent,Uzbekistán
Elena,6944445938,30,704,Porvenir,Tashkent,Uzbekistán
Ana,9302185213,33,447,Protección,Tashkent,Uzbekistán
Mariana,2765402314,55,560,Skandia,Tashkent,Uzbekistán
Alejandro,3370413298,72,524,Skandia,Tashkent,Uzbekistán
Ana,5206067828,87,797,Old Mutual,Tashkent,Uzbekistán
Ana,9169731252,95,698,Skandia,Tashkent,Uzbekistán
Lucia,2797712542,68,116,Porvenir,Tashkent,Uzbekistán
Lucia,2190915904,68,644,Old Mutual,Tashkent,Uzbekistán
Monica,6857767003,25,250,Old Mutual,Tashkent,Uzbekistán
Carlos,6769626261,80,103,Porvenir,Tashkent,Uzbekistán
Monica,8862309920,39,233,Skandia,Tashkent,Uzbekistán
Carlos,7583732043,50,475,Skandia,Tashkent,Uzbekistán
Mariana,3182592302,35,718,Protección,Tashkent,Uzbekistán
Lucia,6186617769,78,737,Porvenir,Tashkent,Uzbekistán
Lucia,3867073076,32,667,Skandia,Tashkent,Uzbekistán
Alejandro,7847538625,78,177,Old Mutual,Tashkent,Uzbekistán
Carlos,5698545496,60,54,Porvenir,Tashkent,Uzbekistán
Elena,9732092618,54,706,Protección,Tashkent,Uzbekistán
Jorge,7598135445,52,69,Old Mutual,Tashkent,Uzbekistán
Ana,1441179793,90,717,Skandia,Tashkent,Uzbekistán
Alejandro,7528451796,90,110,Colfondos,Tashkent,Uzbekistán
Jorge,9836531748,64,506,Colfondos,Dushanbe,Tayikistán
Ana,1631652311,47,156,Skandia,Dushanbe,Tayikistán
Pablo,1062166483,97,178,Protección,Dushanbe,Tayikistán
Ana,2223490470,81,725,Colfondos,Dushanbe,Tayikistán
Alejandro,9966524760,48,412,Protección,Dushanbe,Tayikistán
Mariana,9471590120,28,691,Colfondos,Dushanbe,Tayikistán
Monica,7978845955,74,294,Old Mutual,Dushanbe,Tayikistán
Ana,2209653974,43,102,Porvenir,Dushanbe,Tayikistán
Isabel,6457788246,78,271,Skandia,Dushanbe,Tayikistán
Pablo,4388519693,78,433,Colfondos,Dushanbe,Tayikistán
Ana,7687286259,37,646,Old Mutual,Dushanbe,Tayikistán
Pablo,6258058858,77,459,Colfondos,Dushanbe,Tayikistán
Ana,1368445892,62,5,Protección,Dushanbe,Tayikistán
Lucia,4936564075,90,160,Porvenir,Dushanbe,Tayikistán
Mariana,6219054560,80,491,Skandia,Dushanbe,Tayikistán
Isabel,4021285076,29,280,Colfondos,Dushanbe,Tayikistán
Ana,9284804005,45,331,Protección,Dushanbe,Tayikistán
Isabel,4911834721,59,785,Old Mutual,Dushanbe,Tayikistán
Isabel,1015951461,64,266,Skandia,Dushanbe,Tayikistán
Monica,5597190379,74,380,Old Mutual,Dushanbe,Tayikistán
Monica,5466625022,96,107,Skandia,Dushanbe,Tayikistán
Pablo,9640455254,82,164,Skandia,Dushanbe,Tayikistán
Jorge,8274575629,91,750,Porvenir,Dushanbe,Tayikistán
Carlos,9951217841,53,32,Old Mutual,Dushanbe,Tayikistán
Carlos,6798593815,19,203,Old Mutual,Dushanbe,Tayikistán
Lucia,5590332266,30,416,Protección,Dushanbe,Tayikistán
Pablo,2000590514,92,29,Old Mutual,Dushanbe,Tayikistán
Jorge,5000735889,83,265,Skandia,Dushanbe,Tayikistán
Pablo,2967194303,86,1,Protección,Dushanbe,Tayikistán
Lucia,5119542595,53,88,Porvenir,Dushanbe,Tayikistán
Elena,1615006681,27,779,Skandia,Dushanbe,Tayikistán
Alejandro,9769721975,77,207,Protección,Dushanbe,Tayikistán
Lucia,6351414885,75,522,Colfondos,Dushanbe,Tayikistán
Monica,5096386420,48,282,Skandia,Dushanbe,Tayikistán
Elena,9918409536,29,169,Colfondos,Dushanbe,Tayikistán
Monica,3495287851,90,393,Colfondos,Dushanbe,Tayikistán
Ana,2206755861,26,196,Porvenir,Dushanbe,Tayikistán
Isabel,9029939522,23,199,Skandia,Dushanbe,Tayikistán
Jorge,8288585143,99,366,Porvenir,Dushanbe,Tayikistán
Mariana,4309979830,77,596,Colfondos,Dushanbe,Tayikistán
